id,region_id,name,lat,lon,capacity
281,71.0,Grand Army Plaza & Central Park S,40.7643971,-73.97371465,57
304,71.0,Broadway & Battery Pl,40.70463334,-74.01361706,33
359,71.0,E 47 St & Park Ave,40.75510267,-73.97498696,53
402,71.0,Broadway & E 22 St,40.7403432,-73.98955109,39
3236,71.0,W 42 St & Dyer Ave,40.75898481399634,-73.99379968643188,33
3443,71.0,W 52 St & 6 Ave,40.76132983124814,-73.97982001304626,41
72,71.0,W 52 St & 11 Ave,40.76727216,-73.99392888,39
79,71.0,Franklin St & W Broadway,40.71911552,-74.00666661,33
82,71.0,St James Pl & Pearl St,40.71117416,-74.00016545,27
83,71.0,Atlantic Ave & Fort Greene Pl,40.68382604,-73.97632328,62
119,71.0,Park Ave & St Edwards St,40.69608941,-73.97803415,19
120,71.0,Lexington Ave & Classon Ave,40.68676793,-73.95928168,19
127,71.0,Barrow St & Hudson St,40.73172428,-74.00674436,31
128,71.0,MacDougal St & Prince St,40.72710258,-74.00297088,30
143,71.0,Clinton St & Joralemon St,40.69239502,-73.99337909,24
144,71.0,Nassau St & Navy St,40.69839895,-73.98068914,19
146,71.0,Hudson St & Reade St,40.71625008,-74.0091059,39
150,71.0,E 2 St & Avenue C,40.7208736,-73.98085795,29
151,71.0,Cleveland Pl & Spring St,40.722103786686034,-73.99724900722504,33
157,71.0,Henry St & Atlantic Ave,40.69089272,-73.99612349,23
161,71.0,LaGuardia Pl & W 3 St,40.72917025,-73.99810231,35
164,71.0,E 47 St & 2 Ave,40.75323098,-73.97032517,47
167,71.0,E 39 St & 3 Ave,40.7489006,-73.97604882,45
168,71.0,W 18 St & 6 Ave,40.73971301,-73.99456405,47
173,71.0,Broadway & W 49 St,40.76068327096592,-73.9845272898674,51
174,71.0,E 25 St & 1 Ave,40.7381765,-73.97738662,30
195,71.0,Liberty St & Broadway,40.70905623,-74.01043382,45
212,71.0,W 16 St & The High Line,40.74334935,-74.00681753,28
216,71.0,Columbia Heights & Cranberry St,40.70037867,-73.99548059,23
217,71.0,Old Fulton St,40.70277159,-73.99383605,39
223,71.0,W 13 St & 7 Ave,40.73781509,-73.99994661,33
228,71.0,E 48 St & 3 Ave,40.7546011026,-73.971878855,55
229,71.0,Great Jones St,40.72743423,-73.99379025,23
232,71.0,Cadman Plaza E & Tillary St,40.69597683,-73.99014892,23
236,71.0,St Marks Pl & 2 Ave,40.7284186,-73.98713956,39
237,71.0,E 11 St & 2 Ave,40.73047309,-73.98672378,39
238,71.0,Bank St & Washington St,40.7361967,-74.00859207,31
239,71.0,Willoughby St & Fleet St,40.69196566,-73.9813018,32
241,71.0,DeKalb Ave & S Portland Ave,40.68981035,-73.97493121,23
242,71.0,Carlton Ave & Flushing Ave,40.697787,-73.973736,23
243,71.0,Fulton St & Rockwell Pl,40.688226,-73.979382,31
244,71.0,Willoughby Ave & Hall St,40.69196035,-73.96536851,31
245,71.0,Myrtle Ave & St Edwards St,40.69327018,-73.97703874,23
247,71.0,Perry St & Bleecker St,40.73535398,-74.00483091,20
248,71.0,Laight St & Hudson St,40.72185379,-74.00771779,23
249,71.0,Harrison St & Hudson St,40.71870987,-74.0090009,27
251,71.0,Mott St & Prince St,40.72317958,-73.99480012,27
252,71.0,MacDougal St & Washington Sq,40.73226398,-73.99852205,33
254,71.0,W 11 St & 6 Ave,40.73532427,-73.99800419,31
257,71.0,Lispenard St & Broadway,40.71939226,-74.00247214,39
258,71.0,DeKalb Ave & Vanderbilt Ave,40.68940747,-73.96885458,23
259,71.0,South St & Whitehall St,40.70122128,-74.01234218,39
260,71.0,Broad St & Bridge St,40.70365182,-74.01167797,35
261,71.0,Johnson St & Gold St,40.69474881,-73.98362464,27
262,71.0,Washington Park,40.6917823,-73.9737299,24
264,71.0,Maiden Ln & Pearl St,40.70706456,-74.00731853,27
265,71.0,Stanton St & Chrystie St,40.72229346,-73.99147535,35
266,71.0,Avenue D & E 8 St,40.72368361,-73.97574813,24
267,71.0,Broadway & W 36 St,40.75097711,-73.98765428,57
268,71.0,Howard St & Centre St,40.71910537,-73.99973337,27
270,71.0,Adelphi St & Myrtle Ave,40.69308257,-73.97178913,23
274,71.0,Lafayette Ave & Fort Greene Pl,40.68691865,-73.976682,31
275,71.0,Washington Ave & Greene Ave,40.68650065,-73.96563307,19
276,71.0,Duane St & Greenwich St,40.71748752,-74.0104554,25
278,71.0,Concord St & Bridge St,40.69766564,-73.98476437,19
279,71.0,Peck Slip & Front St,40.707873,-74.00167,36
280,71.0,E 10 St & 5 Ave,40.73331967,-73.99510132,31
282,71.0,Kent Ave & S 11 St,40.707644944175705,-73.96841526031494,27
285,71.0,Broadway & E 14 St,40.73454567,-73.99074142,51
289,71.0,Monroe St & Classon Ave,40.6845683,-73.95881081,19
291,71.0,Madison St & Montgomery St,40.713126,-73.984844,20
293,71.0,Lafayette St & E 8 St,40.73020660529954,-73.99102628231049,55
295,71.0,Pike St & E Broadway,40.71406667,-73.99293911,24
296,71.0,Division St & Bowery,40.71413089,-73.9970468,35
297,71.0,E 15 St & 3 Ave,40.734232,-73.986923,27
298,71.0,3 Ave & Schermerhorn St,40.68683208,-73.9796772,35
301,71.0,E 2 St & Avenue B,40.72217444,-73.98368779,37
302,71.0,Avenue D & E 3 St,40.72082834,-73.97793172,23
303,71.0,Mercer St & Spring St,40.72362738,-73.99949601,31
305,71.0,E 58 St & 3 Ave,40.76095756,-73.96724467,33
307,71.0,Canal St & Rutgers St,40.71427487,-73.98990025,30
308,71.0,St James Pl & Oliver St,40.71307916,-73.99851193,27
309,71.0,Murray St & West St,40.7149787,-74.013012,41
310,71.0,State St & Smith St,40.68926942,-73.98912867,36
311,71.0,Norfolk St & Broome St,40.7172274,-73.98802084,31
312,71.0,Allen St & Stanton St,40.722055,-73.989111,31
313,71.0,Washington Ave & Park Ave,40.69610226,-73.96751037,23
314,71.0,Cadman Plaza West & Montague St,40.69383,-73.990539,39
315,71.0,South St & Gouverneur Ln,40.70355377,-74.00670227,29
316,71.0,Fulton St & William St,40.70955958,-74.00653609,43
317,71.0,E 6 St & Avenue B,40.72453734,-73.98185424,27
319,71.0,Fulton St & Broadway,40.711066,-74.009447,33
320,71.0,Leonard St & Church St,40.717571,-74.005549,27
321,71.0,Cadman Plaza E & Red Cross Pl,40.69991755,-73.98971773,27
322,71.0,Clinton St & Tillary St,40.696192,-73.991218,31
323,71.0,Lawrence St & Willoughby St,40.69236178,-73.98631746,39
324,71.0,DeKalb Ave & Hudson Ave,40.689888,-73.981013,51
325,71.0,E 19 St & 3 Ave,40.73624527,-73.98473765,35
326,71.0,E 11 St & 1 Ave,40.72953837,-73.98426726,27
327,71.0,Vesey Pl & River Terrace,40.7153379,-74.01658354,39
328,71.0,Watts St & Greenwich St,40.72405549,-74.00965965,23
330,71.0,Reade St & Broadway,40.71450451,-74.00562789,39
331,71.0,Pike St & Monroe St,40.71173107,-73.99193043,27
332,71.0,Cherry St,40.71219906,-73.97948148,24
334,71.0,W 20 St & 7 Ave,40.74238787,-73.99726235,31
335,71.0,Washington Pl & Broadway,40.72903917,-73.99404649,27
336,71.0,Sullivan St & Washington Sq,40.73047747,-73.99906065,36
337,71.0,Old Slip & Front St,40.7037992,-74.00838676,37
339,71.0,Avenue D & E 12 St,40.72580614,-73.97422494,24
340,71.0,Madison St & Clinton St,40.71269042,-73.98776323,27
341,71.0,Stanton St & Mangin St,40.71782143,-73.97628939,19
342,71.0,Columbia St & Rivington St,40.71739973,-73.98016555,29
343,71.0,Clinton Ave & Flushing Ave,40.69794,-73.96986848,23
344,71.0,Monroe St & Bedford Ave,40.6851443,-73.95380904,23
346,71.0,Bank St & Hudson St,40.73652889,-74.00618026,27
347,71.0,Greenwich St & W Houston St,40.728846,-74.008591,35
349,71.0,Rivington St & Ridge St,40.71850211,-73.98329859,23
350,71.0,Clinton St & Grand St,40.71559509,-73.9870295,28
351,71.0,Front St & Maiden Ln,40.70530954,-74.00612572,39
353,71.0,S Portland Ave & Hanson Pl,40.68539567,-73.97431458,27
354,71.0,Emerson Pl & Myrtle Ave,40.69363137,-73.96223558,23
355,71.0,Bayard St & Baxter St,40.71602118,-73.99974372,43
356,71.0,Bialystoker Pl & Delancey St,40.71622644,-73.98261206,23
357,71.0,E 11 St & Broadway,40.73261787,-73.99158043,27
358,71.0,Christopher St & Greenwich St,40.73291553,-74.00711384,36
360,71.0,William St & Pine St,40.70717936,-74.00887308,39
361,71.0,Allen St & Hester St,40.71605866,-73.99190759,43
362,71.0,Broadway & W 37 St,40.75172632,-73.98753523,57
363,71.0,West Thames St,40.70834698,-74.01713445,49
364,71.0,Lafayette Ave & Classon Ave,40.68900443,-73.96023854,27
365,71.0,Fulton St & Grand Ave,40.68223166,-73.9614583,31
366,71.0,Clinton Ave & Myrtle Ave,40.693261,-73.968896,33
368,71.0,Carmine St & 6 Ave,40.73038599,-74.00214988,39
369,71.0,Washington Pl & 6 Ave,40.73224119,-74.00026394,35
372,71.0,Franklin Ave & Myrtle Ave,40.694546087246025,-73.95801365375519,15
373,71.0,Willoughby Ave & Walworth St,40.69331716,-73.95381995,19
376,71.0,John St & William St,40.70862144,-74.00722156,43
377,71.0,6 Ave & Canal St,40.72243797,-74.00566443,45
379,71.0,W 31 St & 7 Ave,40.749156,-73.9916,42
380,71.0,W 4 St & 7 Ave S,40.73401143,-74.00293877,39
382,71.0,University Pl & E 14 St,40.73492695,-73.99200509,36
383,71.0,Greenwich Ave & Charles St,40.735238,-74.000271,39
385,71.0,E 55 St & 2 Ave,40.75797322,-73.96603308,29
386,71.0,Centre St & Worth St,40.71494807,-74.00234482,43
387,71.0,Centre St & Chambers St,40.71273266,-74.0046073,39
388,71.0,W 26 St & 10 Ave,40.749717753,-74.002950346,35
389,71.0,Broadway & Berry St,40.71044554,-73.96525063,27
390,71.0,Duffield St & Willoughby St,40.69221589,-73.9842844,31
391,71.0,Clark St & Henry St,40.69760127,-73.99344559,31
392,71.0,Jay St & Tech Pl,40.695065,-73.987167,35
393,71.0,E 5 St & Avenue C,40.72299208,-73.97995466,31
394,71.0,E 9 St & Avenue C,40.72521311,-73.97768752,32
396,71.0,Lefferts Pl & Franklin Ave,40.680342423,-73.9557689392,25
397,71.0,Fulton St & Clermont Ave,40.68415748,-73.96922273,27
398,71.0,Atlantic Ave & Furman St,40.69165183,-73.9999786,31
399,71.0,Lafayette Ave & St James Pl,40.68851534,-73.9647628,27
400,71.0,Pitt St & Stanton St,40.71926081,-73.98178024,15
401,71.0,Allen St & Rivington St,40.72019576,-73.98997825,42
403,71.0,E 2 St & 2 Ave,40.72502876,-73.99069656,31
405,71.0,Washington St & Gansevoort St,40.739323,-74.008119,40
406,71.0,Hicks St & Montague St,40.69512845,-73.99595065,34
407,71.0,Henry St & Poplar St,40.700469,-73.991454,37
408,71.0,Market St & Cherry St,40.71076228,-73.99400398,23
409,71.0,DeKalb Ave & Skillman St,40.6906495,-73.95643107,19
410,71.0,Suffolk St & Stanton St,40.72066442,-73.98517977,35
411,71.0,E 6 St & Avenue D,40.72228087,-73.97668709,23
412,71.0,Forsyth St & Canal St,40.7158155,-73.99422366,29
414,71.0,Pearl St & Anchorage Pl,40.70281858,-73.98765762,24
415,71.0,Pearl St & Hanover Square,40.7047177,-74.00926027,42
416,71.0,Cumberland St & Lafayette Ave,40.68753406,-73.97265183,31
417,71.0,Barclay St & Church St,40.71291224,-74.01020234,23
418,71.0,Front St & Gold St,40.70224,-73.982578,23
419,71.0,Carlton Ave & Park Ave,40.69580705,-73.97355569,23
420,71.0,Clermont Ave & Lafayette Ave,40.68764484,-73.96968902,23
421,71.0,Clermont Ave & Park Ave,40.69573398,-73.97129668,19
422,71.0,W 59 St & 10 Ave,40.770513,-73.988038,55
423,71.0,W 54 St & 9 Ave,40.76584941,-73.98690506,27
426,71.0,West St & Chambers St,40.71754834,-74.01322069,29
427,71.0,Bus Slip & State St,40.701907,-74.013942,47
432,71.0,E 7 St & Avenue A,40.72621788,-73.98379855,31
435,71.0,W 21 St & 6 Ave,40.74173969,-73.99415556,47
436,71.0,Hancock St & Bedford Ave,40.68216564,-73.95399026,27
437,71.0,Macon St & Nostrand Ave,40.6809833854,-73.9500479759,24
438,71.0,St Marks Pl & 1 Ave,40.72779126,-73.98564945,41
439,71.0,E 4 St & 2 Ave,40.7262807,-73.98978041,39
440,71.0,E 45 St & 3 Ave,40.75255434,-73.97282625,32
441,71.0,E 52 St & 2 Ave,40.756014,-73.967416,35
442,71.0,W 27 St & 7 Ave,40.746647,-73.993915,51
443,71.0,Bedford Ave & S 9 St,40.70853074,-73.96408963,23
445,71.0,E 10 St & Avenue A,40.72740794,-73.98142006,52
446,71.0,W 24 St & 7 Ave,40.74487634,-73.99529885,39
447,71.0,8 Ave & W 52 St,40.76370739,-73.9851615,23
448,71.0,W 37 St & 10 Ave,40.75660359,-73.9979009,31
450,71.0,W 49 St & 8 Ave,40.76227205,-73.98788205,59
453,71.0,W 22 St & 8 Ave,40.74475148,-73.99915362,39
454,71.0,E 51 St & 1 Ave,40.75455731,-73.96592976,35
455,71.0,1 Ave & E 44 St,40.75001986,-73.96905301,39
456,71.0,E 53 St & Madison Ave,40.7597108,-73.97402311,35
457,71.0,Broadway & W 58 St,40.76695317,-73.98169333,39
458,71.0,11 Ave & W 27 St,40.751396,-74.005226,31
459,71.0,W 20 St & 11 Ave,40.746745,-74.007756,49
460,71.0,S 4 St & Wythe Ave,40.71285887,-73.96590294,23
461,71.0,E 20 St & 2 Ave,40.73587678,-73.98205027,39
462,71.0,W 22 St & 10 Ave,40.74691959,-74.00451887,47
465,71.0,Broadway & W 41 St,40.75513557,-73.98658032,39
466,71.0,W 25 St & 6 Ave,40.74395411,-73.99144871,35
467,71.0,Dean St & 4 Ave,40.68312489,-73.97895137,34
468,71.0,Broadway & W 56 St,40.7652654,-73.98192338,49
469,71.0,Broadway & W 53 St,40.76344058,-73.98268129,57
470,71.0,W 20 St & 8 Ave,40.74345335,-74.00004031,38
471,71.0,Grand St & Havemeyer St,40.71286844,-73.95698119,31
472,71.0,E 32 St & Park Ave,40.7457121,-73.98194829,41
473,71.0,Rivington St & Chrystie St,40.72110063,-73.9919254,38
474,71.0,5 Ave & E 29 St,40.7451677,-73.98683077,47
476,71.0,E 31 St & 3 Ave,40.74394314,-73.97966069,47
477,71.0,W 41 St & 8 Ave,40.75640548,-73.9900262,59
478,71.0,11 Ave & W 41 St,40.76030096,-73.99884222,31
479,71.0,9 Ave & W 45 St,40.76019252,-73.9912551,31
480,71.0,W 53 St & 10 Ave,40.76669671,-73.99061728,27
481,71.0,S 3 St & Bedford Ave,40.71260486,-73.96264403,25
482,71.0,W 15 St & 7 Ave,40.73935542,-73.99931783,39
483,71.0,E 12 St & 3 Ave,40.73223272,-73.98889957,34
484,71.0,W 44 St & 5 Ave,40.75500254,-73.98014437,44
485,71.0,W 37 St & 5 Ave,40.75038009,-73.98338988,39
486,71.0,Broadway & W 29 St,40.7462009,-73.98855723,39
487,71.0,E 20 St & FDR Drive,40.73314259,-73.97573881,34
490,71.0,8 Ave & W 33 St,40.751551,-73.993934,59
491,71.0,E 24 St & Park Ave S,40.74096374,-73.98602213,51
492,71.0,W 33 St & 7 Ave,40.75019995,-73.99093085,61
493,71.0,W 45 St & 6 Ave,40.7568001,-73.98291153,34
494,71.0,W 26 St & 8 Ave,40.74734825,-73.99723551,35
495,71.0,W 47 St & 10 Ave,40.76269882,-73.99301222,25
496,71.0,E 16 St & 5 Ave,40.73726186,-73.99238967,47
497,71.0,E 17 St & Broadway,40.73704984,-73.99009296,59
498,71.0,Broadway & W 32 St,40.74854862,-73.98808416,30
499,71.0,Broadway & W 60 St,40.76915505,-73.98191841,36
500,71.0,Broadway & W 51 St,40.76228826,-73.98336183,52
501,71.0,FDR Drive & E 35 St,40.744219,-73.97121214,43
502,71.0,Henry St & Grand St,40.714215,-73.981346,30
503,71.0,E 20 St & Park Ave,40.73827428,-73.98751968,29
504,71.0,1 Ave & E 16 St,40.73221853,-73.98165557,44
505,71.0,6 Ave & W 33 St,40.74901271,-73.98848395,36
507,71.0,E 25 St & 2 Ave,40.73912601,-73.97973776,45
508,71.0,W 46 St & 11 Ave,40.76341379,-73.99667444,24
509,71.0,9 Ave & W 22 St,40.7454973,-74.00197139,36
513,71.0,W 56 St & 10 Ave,40.768254,-73.988639,27
514,71.0,12 Ave & W 40 St,40.76087502,-74.00277668,52
515,71.0,W 43 St & 10 Ave,40.76009437,-73.99461843,35
516,71.0,E 47 St & 1 Ave,40.75206862,-73.96784384,31
517,71.0,Pershing Square South,40.751581,-73.97791,59
518,71.0,E 39 St & 2 Ave,40.74780373,-73.9734419,39
519,71.0,Pershing Square North,40.751873,-73.977706,61
520,71.0,W 52 St & 5 Ave,40.75992262,-73.97648516,39
522,71.0,E 51 St & Lexington Ave,40.75714758,-73.97207836,47
523,71.0,W 38 St & 8 Ave,40.75466591,-73.99138152,51
524,71.0,W 43 St & 6 Ave,40.75527307,-73.98316936,57
525,71.0,W 34 St & 11 Ave,40.75594159,-74.0021163,39
526,71.0,E 33 St & 5 Ave,40.74765947,-73.98490707,39
528,71.0,2 Ave & E 31 St,40.74290902,-73.97706058,39
529,71.0,W 42 St & 8 Ave,40.7575699,-73.99098507,41
530,71.0,11 Ave & W 59 St,40.771522,-73.990541,24
531,71.0,Forsyth St & Broome St,40.71893904,-73.99266288,39
532,71.0,S 5 Pl & S 5 St,40.710451,-73.960876,43
533,71.0,Broadway & W 38 St,40.75299641,-73.98721619,46
534,71.0,Water - Whitehall Plaza,40.70255065,-74.0127234,31
536,71.0,1 Ave & E 30 St,40.74144387,-73.97536082,29
539,71.0,Metropolitan Ave & Bedford Ave,40.71534825,-73.96024116,31
540,71.0,Lexington Ave & E 29 St,40.74311555376486,-73.98215353488922,30
545,71.0,E 23 St & 1 Ave,40.736502,-73.97809472,27
546,71.0,E 30 St & Park Ave S,40.74444921,-73.98303529,38
2000,71.0,Front St & Washington St,40.70255088,-73.98940236,30
2001,71.0,Sands St & Navy St,40.699773,-73.979927,15
2002,71.0,Wythe Ave & Metropolitan Ave,40.716887,-73.963198,27
2003,71.0,1 Ave & E 18 St,40.733812191966315,-73.98054420948029,39
2005,71.0,Railroad Ave & Kay Ave,40.70531194,-73.97100056,12
2006,71.0,Central Park S & 6 Ave,40.76590936,-73.97634151,49
2008,71.0,Little West St & 1 Pl,40.70569254,-74.01677685,24
2009,71.0,Catherine St & Monroe St,40.71117444,-73.99682619,35
2010,71.0,Grand St & Greene St,40.72165481,-74.00234737,39
2012,71.0,E 27 St & 1 Ave,40.739445,-73.976806,36
2021,71.0,W 45 St & 8 Ave,40.75929124,-73.98859651,43
2022,71.0,E 60 St & York Ave,40.759107,-73.959223,33
2023,71.0,E 55 St & Lexington Ave,40.75968085,-73.97031366,36
3002,71.0,South End Ave & Liberty St,40.711512,-74.015756,25
3016,71.0,Kent Ave & N 7 St,40.72036775298455,-73.96165072917938,47
3041,71.0,Kingston Ave & Herkimer St,40.67890679,-73.94142771,24
3042,71.0,Fulton St & Utica Ave,40.6794268,-73.9298911,19
3043,71.0,Lewis Ave & Decatur St,40.6814598,-73.934903,19
3044,71.0,Albany Ave & Fulton St,40.6800105,-73.938475,27
3046,71.0,Marcus Garvey Blvd & Macon St,40.682601,-73.938037,19
3047,71.0,Halsey St & Tompkins Ave,40.6823687,-73.944118,21
3048,71.0,Putnam Ave & Nostrand Ave,40.68402,-73.94977,19
3049,71.0,Cambridge Pl & Gates Ave,40.68488,-73.96304,18
3050,71.0,Putnam Ave & Throop Ave,40.6851532,-73.94111,21
3052,71.0,Lewis Ave & Madison St,40.686312,-73.935775,23
3053,71.0,Marcy Ave & Lafayette Ave,40.6900815,-73.947915,23
3054,71.0,Greene Ave & Throop Ave,40.6894932,-73.942061,19
3055,71.0,Greene Ave & Nostrand Ave,40.6883337,-73.950916,23
3056,71.0,Kosciuszko St & Nostrand Ave,40.69072549,-73.95133465,23
3057,71.0,Kosciuszko St & Tompkins Ave,40.69128258,-73.9452416,18
3058,71.0,Lewis Ave & Kosciuszko St,40.69237074,-73.93705428,24
3059,71.0,Pulaski St & Marcus Garvey Blvd,40.6933982,-73.939877,19
3060,71.0,Willoughby Ave & Tompkins Ave,40.69425403,-73.94626915,19
3061,71.0,Throop Ave & Myrtle Ave,40.69622937,-73.94371094,21
3062,71.0,Myrtle Ave & Marcy Ave,40.69539817,-73.94954908,23
3063,71.0,Nostrand Ave & Myrtle Ave,40.69527008,-73.95238108,20
3064,71.0,Myrtle Ave & Lewis Ave,40.69681963,-73.93756926,23
3065,71.0,Union Ave & Wallabout St,40.70029511,-73.95032283,27
3066,71.0,Tompkins Ave & Hopkins St,40.69957608,-73.94708417,19
3067,71.0,Broadway & Whipple St,40.7016657,-73.9437303,27
3068,71.0,Humboldt St & Varet St,40.7031724,-73.940636,24
3069,71.0,Lorimer St & Broadway,40.70411791,-73.94818595,25
3070,71.0,McKibbin St & Manhattan Ave,40.70510918,-73.94407279,23
3071,71.0,Boerum St & Broadway,40.70538077,-73.94976519,19
3072,71.0,Leonard St & Boerum St,40.70583339,-73.94644578,24
3074,71.0,Montrose Ave & Bushwick Ave,40.70767788,-73.94016171,31
3075,71.0,Division Ave & Marcy Ave,40.70708701,-73.95796783,33
3076,71.0,Scholes St & Manhattan Ave,40.70870368,-73.9448625,24
3077,71.0,Stagg St & Union Ave,40.70877084,-73.95095259,33
3078,71.0,Broadway & Roebling St,40.70924826276157,-73.96063148975372,27
3080,71.0,S 4 St & Rodney St,40.70934,-73.95608,21
3081,71.0,Graham Ave & Grand St,40.711863,-73.944024,23
3082,71.0,Hope St & Union Ave,40.71167351,-73.95141312,25
3083,71.0,Bushwick Ave & Powers St,40.71247661,-73.94100005,30
3085,71.0,Roebling St & N 4 St,40.71469,-73.95739,25
3086,71.0,Graham Ave & Conselyea St,40.715143,-73.944507,25
3087,71.0,Metropolitan Ave & Meeker Ave,40.71413311,-73.95234386,30
3088,71.0,Union Ave & Jackson St,40.7160751,-73.952029,19
3091,71.0,Frost St & Meeker St,40.71764,-73.94882,31
3092,71.0,Berry St & N 8 St,40.7190095,-73.95852515,27
3093,71.0,N 6 St & Bedford Ave,40.71745169,-73.95850939,28
3094,71.0,Graham Ave & Withers St,40.7169811,-73.94485918,18
3095,71.0,Graham Ave & Herbert St,40.71929301,-73.94500379,23
3096,71.0,Union Ave & N 12 St,40.71924,-73.95242,39
3100,71.0,Nassau Ave & Newell St,40.724812564400175,-73.94752621650696,39
3101,71.0,N 12 St & Bedford Ave,40.72079821,-73.95484712,27
3102,71.0,Driggs Ave & Lorimer St,40.72179134,-73.9504154,27
3105,71.0,N 15 St & Wythe Ave,40.724055,-73.955736,24
3106,71.0,Driggs Ave & N Henry St,40.72325,-73.94308,19
3107,71.0,Bedford Ave & Nassau Ave,40.72311651,-73.95212324,39
3108,71.0,Nassau Ave & Russell St,40.72557,-73.94434,24
3109,71.0,Banker St & Meserole Ave,40.72606,-73.95621,31
3110,71.0,Meserole Ave & Manhattan Ave,40.72708584,-73.95299117,27
3112,71.0,Milton St & Franklin St,40.72906,-73.95779,33
3113,71.0,Greenpoint Ave & Manhattan Ave,40.73026,-73.95394,27
3115,71.0,India St & Manhattan Ave,40.73232194,-73.9550858,34
3116,71.0,Huron St & Franklin St,40.73266,-73.95826,35
3117,71.0,Franklin St & Dupont St,40.73564,-73.95866,27
3118,71.0,McGuinness Blvd & Eagle St,40.73555,-73.95284,30
3119,71.0,Vernon Blvd & 50 Ave,40.74232744,-73.95411749,45
3120,71.0,Center Blvd & Borden Ave,40.74161,-73.96044,20
3121,71.0,Jackson Ave & 46 Rd,40.74524768,-73.94733276,27
3122,71.0,48 Ave & 5 St,40.744363287066875,-73.9558732509613,31
3123,71.0,31 St & Thomson Ave,40.74469738,-73.93540375,27
3124,71.0,46 Ave & 5 St,40.74731,-73.95451,27
3125,71.0,45 Rd & 11 St,40.74708586,-73.94977234,23
3126,71.0,44 Dr & Jackson Ave,40.74718234,-73.9432635,34
3127,71.0,9 St & 44 Rd,40.74966,-73.9521,35
3128,71.0,21 St & 43 Ave,40.75052534,-73.94594845,23
3129,71.0,Queens Plaza North & Crescent St,40.75110165,-73.94073717,31
3130,71.0,21 St & Queens Plaza North,40.75325964,-73.94335788,31
3131,71.0,E 68 St & 3 Ave,40.76712840349542,-73.96224617958069,31
3132,71.0,E 59 St & Madison Ave,40.76350532,-73.97109243,0
3134,71.0,3 Ave & E 62 St,40.76312584,-73.96526895,51
3135,71.0,E 75 St & 3 Ave,40.77112927,-73.95772297,41
3136,71.0,5 Ave & E 63 St,40.766368,-73.971518,47
3137,71.0,5 Ave & E 73 St,40.77282817,-73.96685276,31
3139,71.0,E 72 St & Park Ave,40.77118287540658,-73.96409422159195,43
3140,71.0,1 Ave & E 78 St,40.77140426,-73.9535166,55
3141,71.0,1 Ave & E 68 St,40.76500525,-73.95818491,59
3142,71.0,1 Ave & E 62 St,40.7612274,-73.96094022,41
3143,71.0,5 Ave & E 78 St,40.77632142182271,-73.96427392959595,47
3144,71.0,E 81 St & Park Ave,40.77677702,-73.9590097,46
3145,71.0,E 84 St & Park Ave,40.77862688,-73.95772073,45
3146,71.0,E 81 St & 3 Ave,40.77573034,-73.9567526,47
3147,71.0,E 85 St & 3 Ave,40.77801203,-73.95407149,39
3148,71.0,E 84 St & 1 Ave,40.77565541,-73.95068615,31
3150,71.0,E 85 St & York Ave,40.77536905,-73.94803392,47
3151,71.0,E 81 St & York Ave,40.7728384,-73.94989233,43
3152,71.0,3 Ave & E 71 St,40.76873687,-73.96119945,42
3153,71.0,E 71 St & 2 Ave,40.76817546742245,-73.95910263061523,37
3154,71.0,E 77 St & 3 Ave,40.77314236,-73.95856158,31
3155,71.0,Lexington Ave & E 63 St,40.76440023,-73.96648977,39
3156,71.0,E 72 St & York Ave,40.76663814,-73.95348296,37
3157,71.0,East End Ave & E 86 St,40.77518615,-73.94446054,27
3158,71.0,W 63 St & Broadway,40.77163851,-73.98261428,31
3159,71.0,W 67 St & Broadway,40.77492513,-73.98266566,31
3160,71.0,Central Park West & W 76 St,40.77896784,-73.97374737,0
3161,71.0,W 76 St & Columbus Ave,40.7801839724239,-73.97728532552719,59
3162,71.0,W 78 St & Broadway,40.78339981,-73.98093133,39
3163,71.0,Central Park West & W 68 St,40.7734066,-73.97782542,0
3164,71.0,Columbus Ave & W 72 St,40.7770575,-73.97898475,67
3165,71.0,Central Park West & W 72 St,40.77579376683666,-73.9762057363987,0
3166,71.0,Riverside Dr & W 72 St,40.78057799010334,-73.98562431335449,41
3167,71.0,Amsterdam Ave & W 73 St,40.77966809007312,-73.98093044757842,55
3168,71.0,Central Park West & W 85 St,40.78472675,-73.96961715,31
3169,71.0,Riverside Dr & W 82 St,40.78720869,-73.98128127,39
3170,71.0,W 84 St & Columbus Ave,40.78499979,-73.97283406,35
3171,71.0,Amsterdam Ave & W 82 St,40.78524672,-73.97667321,39
3172,71.0,W 74 St & Columbus Ave,40.7785669,-73.97754961,27
3173,71.0,Riverside Blvd & W 67 St,40.777507027547976,-73.98888587951659,39
3175,71.0,W 70 St & Amsterdam Ave,40.77748046,-73.98288594,31
3177,71.0,W 84 St & Broadway,40.7867947,-73.977112,63
3178,71.0,Riverside Dr & W 78 St,40.78414472,-73.98362492,39
3179,71.0,Park Ave & Marcus Garvey Blvd,40.698617,-73.941342,23
3180,71.0,Brooklyn Bridge Park - Pier 2,40.69878,-73.99712,0
3183,70.0,Exchange Place,40.7162469,-74.0334588,30
3184,70.0,Paulus Hook,40.7141454,-74.0335519,14
3185,70.0,City Hall,40.7177325,-74.043845,22
3186,70.0,Grove St PATH,40.71958611647166,-74.04311746358871,42
3187,70.0,Warren St,40.7211236,-74.03805095,22
3191,70.0,Union St,40.7182113,-74.0836394,18
3192,70.0,Liberty Light Rail,40.7112423,-74.0557013,22
3193,70.0,Lincoln Park,40.7246050998869,-74.07840594649315,18
3194,70.0,McGinley Square,40.7253399253558,-74.06762212514877,22
3195,70.0,Sip Ave,40.73074262530658,-74.06378388404846,38
3196,70.0,Riverview Park,40.7443187,-74.0439909,18
3198,70.0,Heights Elevator,40.748715945380226,-74.04044330120087,18
3199,70.0,Newport Pkwy,40.7287448,-74.0321082,14
3201,70.0,Dey St,40.737711,-74.066921,18
3202,70.0,Newport PATH,40.7272235,-74.0337589,18
3203,70.0,Hamilton Park,40.727595966,-74.044247311,26
3205,70.0,JC Medical Center,40.71653978099194,-74.0496379137039,22
3206,70.0,Hilltop,40.7311689,-74.0575736,26
3207,70.0,Oakland Ave,40.7376037,-74.0524783,26
3209,70.0,Brunswick St,40.7241765,-74.0506564,22
3210,70.0,Pershing Field,40.742677141,-74.051788633,18
3211,70.0,Newark Ave,40.72152515,-74.046304543,22
3212,70.0,Christ Hospital,40.734785818,-74.050443636,22
3213,70.0,Van Vorst Park,40.71848892,-74.047726625,22
3214,70.0,Essex Light Rail,40.7127742,-74.0364857,21
3220,70.0,5 Corners Library,40.734961020009514,-74.0595030784607,18
3221,71.0,47 Ave & 31 St,40.743,-73.93561,27
3223,71.0,E 55 St & 3 Ave,40.758996559605116,-73.96865397691727,53
3225,70.0,Baldwin at Montgomery,40.7236589,-74.0641943,14
3226,71.0,W 82 St & Central Park West,40.78275,-73.97137,45
3231,71.0,E 67 St & Park Ave,40.76780080148132,-73.96592080593109,39
3232,71.0,Bond St & Fulton St,40.68962188790333,-73.98304268717766,31
3233,71.0,E 48 St & 5 Ave,40.75724567911726,-73.97805914282799,39
3235,71.0,E 41 St & Madison Ave,40.752165280621966,-73.97992193698882,31
3241,71.0,Monroe St & Tompkins Ave,40.686203,-73.944694,19
3242,71.0,Schermerhorn St & Court St,40.69102925677968,-73.99183362722397,39
3243,71.0,E 58 St & 1 Ave,40.75892386377695,-73.96226227283478,29
3244,71.0,University Pl & E 8 St,40.73143724085228,-73.99490341544151,31
3249,71.0,Verona Pl & Fulton St,40.6803560840434,-73.9476791024208,19
3255,71.0,8 Ave & W 31 St,40.7505853470215,-73.9946848154068,19
3256,71.0,Pier 40 - Hudson River Park,40.7277140777778,-74.01129573583603,22
3258,71.0,W 27 St & 10 Ave,40.75018156325683,-74.00218427181244,37
3259,71.0,9 Ave & W 28 St,40.74937024193277,-73.99923384189606,27
3260,71.0,Mercer St & Bleecker St,40.72706363348306,-73.99662137031554,31
3263,71.0,Cooper Square & Astor Pl,40.72951496224949,-73.99075269699097,59
3267,70.0,Morris Canal,40.7124188237569,-74.03852552175522,14
3268,70.0,Lafayette Park,40.71346382669195,-74.06285852193832,14
3269,70.0,Brunswick & 6th,40.72601172964625,-74.05038893222809,14
3270,70.0,Jersey & 6th St,40.72528910781132,-74.04557168483734,14
3272,70.0,Jersey & 3rd,40.72333158646436,-74.04595255851744,14
3273,70.0,Manila & 1st,40.721650724879986,-74.04288411140442,18
3275,70.0,Columbus Drive,40.71835519823214,-74.03891444206238,14
3276,70.0,Marin Light Rail,40.71458403535893,-74.04281705617905,26
3277,70.0,Communipaw & Berry Lane,40.71435836870427,-74.06661093235016,14
3278,70.0,Monmouth and 6th,40.72568548362901,-74.04879033565521,14
3279,70.0,Dixon Mills,40.721630142638354,-74.04996782541275,18
3280,70.0,Astor Place,40.71928220070702,-74.07126188278198,14
3281,70.0,Leonard Gordon Park,40.74590996631558,-74.0572714805603,14
3282,71.0,5 Ave & E 88 St,40.78307,-73.95939,38
3283,71.0,W 89 St & Columbus Ave,40.7882213,-73.97041561,47
3284,71.0,E 88 St & Park Ave,40.781410700190015,-73.95595908164978,38
3285,71.0,W 87 St & Amsterdam Ave,40.78839,-73.9747,43
3286,71.0,E 89 St & 3 Ave,40.7806284,-73.9521667,39
3288,71.0,E 88 St & 1 Ave,40.778301,-73.9488134,39
3289,71.0,W 90 St & Amsterdam Ave,40.79017948095081,-73.97288918495178,32
3290,71.0,E 89 St & York Ave,40.7779453,-73.946041,35
3292,71.0,5 Ave & E 93 St,40.7857851,-73.957481,43
3293,71.0,W 92 St & Broadway,40.7921,-73.9739,24
3294,71.0,E 91 St & Park Ave,40.7835016,-73.955327,38
3295,71.0,Central Park W & W 96 St,40.79127,-73.964839,59
3296,71.0,E 93 St & 2 Ave,40.782454175279874,-73.9489196240902,42
3297,71.0,6 St & 7 Ave,40.6686627,-73.97988067,21
3298,71.0,Warren St & Court St,40.686371,-73.99383324,23
3299,71.0,E 98 St & Park Ave,40.78813,-73.95206,25
3300,71.0,Prospect Park West & 8 St,40.66514681533792,-73.97637605667114,25
3301,71.0,Columbus Ave & W 95 St,40.7919557,-73.968087,0
3302,71.0,Columbus Ave & W 103 St,40.7969347,-73.9643412291,22
3303,71.0,Butler St & Court St,40.6849894,-73.99440329,25
3304,71.0,6 Ave & 9 St,40.668127,-73.98377641,27
3305,71.0,E 91 St & 2 Ave,40.78112229934166,-73.94965589046478,39
3306,71.0,10 St & 7 Ave,40.6662078,-73.98199886,23
3307,71.0,West End Ave & W 94 St,40.7941654,-73.974124,31
3308,71.0,Kane St & Clinton St,40.6861758,-73.99645295,27
3309,71.0,E 97 St & 3 Ave,40.7859201,-73.94860294,30
3310,71.0,14 St & 7 Ave,40.663779,-73.98396846,24
3311,71.0,Columbia St & Kane St,40.68763155,-74.0016256,21
3312,71.0,1 Ave & E 94 St,40.7817212,-73.94594,39
3313,71.0,6 Ave & 12 St,40.6663181,-73.9854617,29
3314,71.0,W 95 St & Broadway,40.7937704,-73.971888,32
3315,71.0,Henry St & Degraw St,40.6847514,-73.99917254,23
3317,71.0,10 St & 5 Ave,40.6686273,-73.98700053,24
3318,71.0,2 Ave & E 96 St,40.7839636,-73.9471673,39
3319,71.0,14 St & 5 Ave,40.666287,-73.98895053,21
3320,71.0,Central Park West & W 100 St,40.79406660818552,-73.96286845207214,49
3321,71.0,Clinton St & Union St,40.6831164,-73.99785267,25
3322,71.0,12 St & 4 Ave,40.668603,-73.9904394,25
3323,71.0,W 106 St & Central Park West,40.7981856,-73.9605909006,0
3324,71.0,3 Ave & 14 St,40.6685455,-73.99333264,25
3326,71.0,Clinton St & Centre St,40.67434,-74.00194698,21
3327,71.0,3 Ave & E 100 St,40.7877214,-73.94728331,27
3328,71.0,W 100 St & Manhattan Ave,40.795,-73.9645,0
3329,71.0,Degraw St & Smith St,40.6829151,-73.99318208,27
3330,71.0,Henry St & Bay St,40.6725058,-74.00494695,19
3331,71.0,Riverside Dr & W 104 St,40.8013434,-73.9711457439,39
3332,71.0,Degraw St & Hoyt St,40.681990442707026,-73.99079024791718,19
3333,71.0,Columbia St & Lorraine St,40.6747055,-74.0075572,21
3335,71.0,Union St & 4 Ave,40.6772744,-73.98282002,28
3336,71.0,E 97 St & Madison Ave,40.787801,-73.953559,41
3337,71.0,Dwight St & Van Dyke St,40.67363551341504,-74.01195555925369,23
3338,71.0,2 Ave & E 99 St,40.7862586,-73.94552579,31
3339,71.0,Berkeley Pl & 6 Ave,40.6765304,-73.97846879,23
3340,71.0,Wolcott St & Dwight St,40.6753274,-74.0100698,21
3341,71.0,Central Park West & W 102 St,40.795346,-73.96186,41
3342,71.0,Pioneer St & Richards St,40.6777748,-74.0094613,23
3343,71.0,W 107 St & Columbus Ave,40.7997568,-73.9621128676,23
3344,71.0,Pioneer St & Van Brunt St,40.679043,-74.011169,19
3345,71.0,Madison Ave & E 99 St,40.78948541553215,-73.95242929458618,35
3346,71.0,Berkeley Pl & 7 Ave,40.675146838709786,-73.97523209452629,29
3347,71.0,Van Brunt St & Wolcott St,40.6773429,-74.01275056,21
3348,71.0,Coffey St & Conover St,40.677236,-74.015665,19
3349,71.0,Grand Army Plaza & Plaza St West,40.6729679,-73.97087984,30
3350,71.0,W 100 St & Broadway,40.7973721,-73.97041192,0
3351,71.0,E 102 St & 1 Ave,40.7869946,-73.94164802,25
3352,71.0,Sigourney St & Columbia St,40.67267243410948,-74.0087952464819,21
3354,71.0,3 St & Prospect Park West,40.668132,-73.97363831,31
3355,71.0,E 66 St & Madison Ave,40.76800889305947,-73.96845281124115,25
3356,71.0,Amsterdam Ave & W 66 St,40.7746671,-73.98470567,21
3357,71.0,W 106 St & Amsterdam Ave,40.8008363,-73.9664492472,0
3358,71.0,Garfield Pl & 8 Ave,40.6711978,-73.97484126,25
3359,71.0,E 68 St & Madison Ave,40.7691572,-73.96703464,35
3360,71.0,Amsterdam Ave & W 79 St,40.7829391,-73.9786517,25
3361,71.0,Carroll St & 6 Ave,40.6740886,-73.9787282,23
3362,71.0,Madison Ave & E 82 St,40.7781314,-73.96069399,34
3363,71.0,E 102 St & Park Ave,40.7904828,-73.95033068,33
3364,71.0,Carroll St & 5 Ave,40.6751622,-73.9814832,27
3365,71.0,3 St & 7 Ave,40.6703837,-73.97839676,27
3366,71.0,West End Ave & W 107 St,40.8021174,-73.9681805305,31
3367,71.0,5 Ave & E 103 St,40.7922553,-73.95249933,39
3368,71.0,5 Ave & 3 St,40.6728155,-73.98352355,30
3369,71.0,E 82 St & East End Ave,40.7724607,-73.9468208,29
3370,71.0,E 78 St & 2 Ave,40.7727966,-73.95577801,25
3371,71.0,4 Ave & 2 St,40.674613422475815,-73.98501142859459,27
3372,71.0,E 74 St & 1 Ave,40.7689738,-73.95482273,39
3373,71.0,3 St & 3 Ave,40.6750705,-73.98775226,27
3374,71.0,Central Park North & Adam Clayton Powell Blvd,40.799484,-73.955613,36
3375,71.0,3 Ave & E 72 St,40.7699426,-73.96060712,35
3376,71.0,E 65 St & 2 Ave,40.76471851944339,-73.96222069859505,39
3377,71.0,Carroll St & Bond St,40.6786115,-73.99037292,25
3378,71.0,E 76 St & Park Ave,40.773763,-73.96222088,28
3379,71.0,E 103 St & Lexington Ave,40.7903051,-73.94755757,35
3381,71.0,3 St & Hoyt St,40.6777287,-73.99364123,21
3382,71.0,Carroll St & Smith St,40.680611,-73.99475825,31
3383,71.0,Cathedral Pkwy & Broadway,40.804213,-73.96699104,25
3384,71.0,Smith St & 3 St,40.6787242,-73.99599099,25
3386,71.0,1 Pl & Clinton St,40.6809591,-73.99905709,27
3387,71.0,E 106 St & Madison Ave,40.7934337,-73.94945003,25
3388,71.0,President St & Henry St,40.6828003,-73.99990419,25
3389,71.0,Carroll St & Columbia St,40.6830456,-74.00348559,28
3390,71.0,E 109 St & 3 Ave,40.79329668,-73.9432083,24
3391,71.0,E 106 St & 1 Ave,40.7892529,-73.93956237,25
3392,71.0,Commerce St & Van Brunt St,40.6812117,-74.00860912,19
3393,71.0,Richards St & Delavan St,40.6794327,-74.00785041,19
3394,71.0,Columbia St & W 9 St,40.6769993,-74.00647134,21
3396,71.0,Clinton St & 4 Place,40.6783563,-74.00014502,25
3397,71.0,Court St & Nelson St,40.6763947,-73.99869893,25
3398,71.0,Smith St & 9 St,40.6746957,-73.99785768,23
3399,71.0,7 St & 3 Ave,40.67260298150126,-73.98983001708984,24
3400,71.0,E 110 St & Madison Ave,40.7961535,-73.94782145,24
3401,71.0,2 Ave & 9 St,40.6724811,-73.99331394,19
3402,71.0,Court St & State St,40.6902375,-73.99203074,23
3403,71.0,4 Ave & 9 St,40.6705135,-73.98876585,31
3404,71.0,7 St & 5 Ave,40.6704922,-73.98541675,27
3405,71.0,5 St & 6 Ave,40.6704836,-73.98208968,23
3407,71.0,Union St & Nevins St,40.67909799721684,-73.98765474557877,23
3408,71.0,Congress St & Clinton St,40.6881529,-73.99520919,27
3409,71.0,Bergen St & Smith St,40.6867443,-73.99063168,35
3410,71.0,Dean St & Hoyt St,40.6864442,-73.98759104,31
3411,71.0,Bond St & Bergen St,40.6849668,-73.98620772,27
3412,71.0,Pacific St & Nevins St,40.6853761,-73.98302136,18
3413,71.0,Wyckoff St & 3 Ave,40.6827549,-73.98258555,22
3414,71.0,Bergen St & Flatbush Ave,40.680944723477296,-73.97567331790923,33
3415,71.0,Prospect Pl & 6 Ave,40.6793307,-73.97519523,25
3417,71.0,Baltic St & 5 Ave,40.6795766,-73.97854971,27
3418,71.0,Plaza St West & Flatbush Ave,40.6750207,-73.97111473,33
3419,71.0,Douglass St & 4 Ave,40.6792788,-73.98154004,27
3420,71.0,Douglass St & 3 Ave,40.6802133,-73.98432695,21
3421,71.0,Hoyt St & Warren St,40.6843549,-73.98901629,0
3422,71.0,Columbia St & Degraw St,40.6859296,-74.00242364,21
3423,71.0,West Drive & Prospect Park West,40.6610633719006,-73.97945255041122,29
3424,71.0,E 106 St & Lexington Ave,40.791976,-73.945993,27
3425,71.0,2 Ave & E 104 St,40.7892105,-73.94370784,33
3427,71.0,Lafayette St & Jersey St,40.72430527250332,-73.99600982666016,40
3429,71.0,Hanson Pl & Ashland Pl,40.68506807308177,-73.97790759801863,39
3430,71.0,Richardson St & N Henry St,40.71907891179564,-73.94223690032959,19
3431,71.0,E 35 St & 3 Ave,40.746524,-73.977885,23
3434,71.0,W 88 St & West End Ave,40.79025417330419,-73.97718340158461,35
3435,71.0,Grand St & Elizabeth St,40.718822,-73.99596,45
3437,71.0,Riverside Dr & W 91 St,40.79313480986663,-73.97700369358063,39
3440,71.0,Fulton St & Adams St,40.692418292578466,-73.98949474096298,43
3449,71.0,Eckford St & Engert Ave,40.721462562298164,-73.94800901412964,18
3452,71.0,Bayard St & Leonard St,40.71915571696044,-73.94885390996933,43
3453,71.0,Devoe St & Lorimer St,40.71335226222875,-73.9491033554077,19
3454,71.0,Leonard St & Maujer St,40.7103685423523,-73.94705951213837,24
3456,71.0,Jackson St & Leonard St,40.71638031973561,-73.94821286201477,22
3457,71.0,E 58 St & Madison Ave,40.76302594280519,-73.97209525108337,46
3458,71.0,W 55 St & 6 Ave,40.76309387270797,-73.9783501625061,40
3459,71.0,E 53 St & 3 Ave,40.75763227739443,-73.96930575370789,34
3461,71.0,Murray St & Greenwich St,40.714851505262516,-74.01122331619263,33
3462,71.0,E 44 St & 2 Ave,40.75118387463277,-73.97138714790344,39
3463,71.0,E 16 St & Irving Pl,40.735367055605394,-73.98797392845154,37
3467,71.0,W Broadway & Spring Street,40.72494672359416,-74.00165855884552,42
3469,71.0,India St & West St,40.73181401720966,-73.95995020866394,23
3472,71.0,W 15 St & 10 Ave,40.742753828659026,-74.00747358798981,39
3474,71.0,6 Ave & Spring St,40.7252556952547,-74.00412082672119,36
3477,71.0,39 St & 2 Ave - Citi Bike HQ at Industry City,40.65539977447831,-74.01062786579132,33
3478,71.0,2 Ave & 36 St - Citi Bike HQ at Industry City,40.65708866668485,-74.00870203971863,43
3481,70.0,York St,40.71649,-74.04105,22
3483,70.0,Montgomery St,40.71942,-74.05099,14
3486,71.0,Schermerhorn St & Bond St,40.688417427540834,-73.98451656103134,30
3489,71.0,Gold St & Frankfort St,40.71069994631387,-74.00354146957397,31
3490,71.0,E 116 St & 2 Ave,40.796879,-73.937261,31
3491,71.0,E 118 St & 1 Ave,40.79747,-73.93504,24
3492,71.0,E 118 St & Park Ave,40.8005385,-73.9419949,27
3493,71.0,E 118 St & 3 Ave,40.799139,-73.9389152,31
3494,71.0,E 115 St & Lexington Ave,40.797911,-73.9423,25
3495,71.0,E 114 St & 1 Ave,40.7945663,-73.9362541,26
3496,71.0,1 Ave & E 110 St,40.7923272,-73.9383,25
3497,71.0,Pleasant Ave & E 116 St,40.7949879,-73.9333349,23
3498,71.0,Pleasant Ave & E 120 St,40.7974772,-73.9311847,21
3499,71.0,2 Ave & E 122 St,40.8006721,-73.9349,25
3500,71.0,E 115 St & Madison Ave,40.7989445,-73.944846,31
3501,71.0,E 118 St & Madison Ave,40.8014866,-73.9442507,29
3502,71.0,Lexington Ave & E 111 St,40.7954121,-73.9441232,29
3503,71.0,Madison Ave & E 120 St,40.80295,-73.942954,30
3504,71.0,E 123 St & Lexington Ave,40.8029263,-73.9379,27
3505,71.0,Lexington Ave & E 127 St,40.805726,-73.936322,33
3506,71.0,Lexington Ave & E 120 St,40.8013066,-73.9398167,29
3507,71.0,Park Ave & E 124 St,40.8045555,-73.9396861,36
3508,71.0,St Nicholas Ave & Manhattan Ave,40.809725,-73.953149,31
3509,71.0,Lenox Ave & W 115 St,40.8011939,-73.9500739,31
3510,71.0,Adam Clayton Powell Blvd & W 123 St,40.8078316,-73.949373,31
3511,71.0,Adam Clayton Powell Blvd & W 115 St,40.802535,-73.9532423,22
3512,71.0,27 Ave & 4 St,40.7747175,-73.9337894,19
3513,71.0,21 St & Hoyt Ave S,40.774645,-73.923706,21
3514,71.0,Astoria Park S & Shore Blvd,40.7767,-73.927631,23
3515,71.0,24 Ave & 26 St,40.774591,-73.918544,19
3516,71.0,31 St & Astoria Blvd,40.7699176,-73.9184057,31
3517,71.0,31 St & Hoyt Ave N,40.7711528,-73.9170074,35
3518,71.0,Lenox Ave & W 126 St,40.808442,-73.9452087,34
3519,71.0,28 Ave & 43 St,40.764258,-73.911239,0
3520,71.0,Adam Clayton Powell Blvd & W 118 St,40.804372,-73.951475,27
3521,71.0,Lenox Ave & W 111 St,40.7987859,-73.9523,36
3522,71.0,37 St & 24 Ave,40.7701477,-73.9120938,19
3523,71.0,24 Ave & 29 St,40.7729,-73.916142,25
3524,71.0,19 St & 24 Ave,40.7774552,-73.9225403,23
3525,71.0,23 Ave & 27 St,40.776165,-73.9153175,21
3526,71.0,31 St & 23 Ave,40.7747878,-73.9125551,27
3527,71.0,5 Ave & E 126 St,40.80698,-73.941747,27
3528,71.0,Steinway St & 23 Ave,40.7713937,-73.9077436,21
3529,71.0,Lenox Ave & W 130 St,40.8107922,-73.9430681,25
3530,71.0,Crescent St & Ditmars Blvd,40.7787185,-73.9145645,19
3531,71.0,Frederick Douglass Blvd & W 129 St,40.8125511,-73.9492286,27
3532,71.0,Ditmars Blvd & 19 St,40.78145,-73.9183302,27
3533,71.0,St. Nicholas Ave & W 126 St,40.8114323,-73.9518776,34
3534,71.0,Frederick Douglass Blvd & W 117 St,40.805159,-73.954692,39
3535,71.0,Mt Morris Park W & W 120 St,40.804038,-73.945925,27
3536,71.0,W 116 St & Broadway,40.8082,-73.9641,43
3537,71.0,Carlton Ave & Dean St,40.6809741,-73.9710097,29
3538,71.0,W 110 St & Amsterdam Ave,40.802692,-73.96295,45
3539,71.0,W 116 St & Amsterdam Ave,40.8067581,-73.9607082,43
3540,71.0,Morningside Ave & W 123 St,40.81,-73.9551508,35
3541,71.0,Amsterdam Ave & W 125 St,40.813358,-73.956461,39
3542,71.0,Amsterdam Ave & W 119 St,40.8086249,-73.9596214,29
3543,71.0,Morningside Dr & Amsterdam Ave,40.81028506306003,-73.95736455917358,35
3544,71.0,Underhill Ave & Pacific St,40.6804836,-73.9646795,27
3545,71.0,Broadway & W 122 St,40.8120562,-73.9612547,33
3546,71.0,Pacific St & Classon Ave,40.6791944,-73.9587903,21
3547,71.0,Broadway & Moylan Pl,40.8143256,-73.9590255,41
3549,71.0,Grand Ave & Bergen St,40.678045,-73.962408,25
3551,71.0,3 Ave & E 112 St,40.795508,-73.941606,23
3552,71.0,W 113 St & Broadway,40.805973,-73.964928,39
3553,71.0,Frederick Douglass Blvd & W 112 St,40.801694,-73.957145,37
3554,71.0,Vernon Blvd & 41 Rd,40.7552433,-73.9485678,27
3555,71.0,28 St & 41 Ave,40.751047,-73.93797,27
3556,71.0,24 St & 41 Ave,40.7527085,-73.9397405,19
3557,71.0,40 Ave & 9 St,40.75742,-73.945133,19
3558,71.0,Bergen St & Vanderbilt Ave,40.6794388,-73.9680438,27
3559,71.0,21 St & 38 Ave,40.7576314,-73.9391224,19
3560,71.0,28 St & 38 Ave,40.754876,-73.934326,19
3561,71.0,37 Ave & 35 St,40.7531106,-73.9279917,26
3562,71.0,Classon Ave & St Marks Ave,40.6765198,-73.9596082,27
3563,71.0,28 St & 36 Ave,40.757186,-73.932719,21
3564,71.0,21 St & 36 Ave,40.7601853,-73.9362726,19
3565,71.0,36 Ave & 10 St,40.7614376,-73.9411265,19
3566,71.0,Crescent St & 35 Ave,40.7596276,-73.9321455,25
3567,71.0,11 St & 35 Ave,40.7627442,-73.9391141,19
3568,71.0,34 St & 35 Ave,40.7569332,-73.9262231,21
3569,71.0,Franklin Ave & St Marks Ave,40.6758324,-73.9561677,29
3570,71.0,35 Ave & 37 St,40.7557327,-73.9236611,31
3571,71.0,Bedford Ave & Bergen St,40.676368,-73.952918,24
3572,71.0,34 Ave & 38 St,40.756913,-73.921631,33
3573,71.0,35 St & 34 Ave,40.7580583,-73.9242751,25
3574,71.0,Prospect Pl & Underhill Ave,40.6769694,-73.96579,23
3575,71.0,Crescent St & 34 Ave,40.76108,-73.930562,19
3576,71.0,Park Pl & Vanderbilt Ave,40.6767,-73.969024,27
3577,71.0,34 Ave & 21 St,40.7628138,-73.9342862,23
3578,71.0,Park Pl & Franklin Ave,40.6741806,-73.9564947,21
3579,71.0,Sterling Pl & Bedford Ave,40.672695,-73.954131,25
3580,71.0,St Johns Pl & Washington Ave,40.6737236,-73.9631611,30
3581,71.0,Underhill Ave & Lincoln Pl,40.6740123,-73.9671457,27
3582,71.0,Lincoln Pl & Classon Ave,40.6721683,-73.9609,28
3583,71.0,Eastern Pkwy & Washington Ave,40.6716493,-73.9631145,31
3584,71.0,Eastern Pkwy & Franklin Ave,40.6707767,-73.9576801,42
3585,71.0,Union St & Bedford Ave,40.6691783,-73.9554162,24
3586,71.0,34 Ave & 13 St,40.7638753,-73.9364848,19
3587,71.0,Carroll St & Washington Ave,40.6686744,-73.9618148,27
3588,71.0,Vernon Blvd & 10 St,40.7671863,-73.9373554,21
3589,71.0,Broadway & 12 St,40.7668,-73.9347774,19
3590,71.0,Carroll St & Franklin Ave,40.6679411,-73.9588,19
3591,71.0,21 St & 31 Dr,40.7659,-73.930819,21
3592,71.0,Crescent St & Broadway,40.7633589,-73.9286471,19
3593,71.0,31 St & Broadway,40.761584,-73.925921,35
3595,71.0,35 St & Broadway,40.760339,-73.9222427,18
3596,71.0,Sullivan Pl & Bedford Ave,40.6642406,-73.9574686,19
3597,71.0,43 St & Broadway,40.7577284,-73.9166368,25
3598,71.0,Newton Rd & 44 St,40.7595701,-73.9142678,19
3599,71.0,Franklin Ave & Empire Blvd,40.66314,-73.9605695,27
3601,71.0,Sterling St & Bedford Ave,40.6627059,-73.9569115,19
3602,71.0,31 Ave & 34 St,40.763154,-73.920827,23
3603,71.0,31 Ave & 30 St,40.7647,-73.9240312,21
3604,71.0,Rogers Ave & Sterling St,40.6630619,-73.9538746,17
3605,71.0,31 Ave & Crescent St,40.7658346,-73.9265474,21
3606,71.0,49 Ave & 21 St,40.74252,-73.948852,21
3607,71.0,31 Ave & 14 St,40.7682,-73.9322662,19
3664,71.0,North Moore St & Greenwich St,40.72019521437465,-74.0103006362915,30
3608,71.0,5 St & 51 Ave,40.7423737,-73.9566,21
3609,71.0,Vernon Blvd & 31 Ave,40.7692475,-73.9354504,23
3610,71.0,Vernon Blvd & 30 Rd,40.770845,-73.934171,27
3611,71.0,Vernon Blvd & 47 Rd,40.7449067,-73.9534573,31
3612,71.0,30 Ave & 21 St,40.7703743,-73.9286078,15
3613,71.0,Center Blvd & 48 Ave,40.745038,-73.957539,27
3614,71.0,Crescent St & 30 Ave,40.768692,-73.9249574,23
3615,71.0,44 Dr & 21 St,40.748,-73.9460927,21
3616,71.0,Steinway St & 28 Ave,40.7656251,-73.9136695,25
3617,71.0,28 Ave & 35 St,40.7671,-73.9169858,27
3618,71.0,27 St & Hunter St,40.7485,-73.941275,25
3619,71.0,Newtown Ave & 23 St,40.7713615,-73.9246145,19
3620,71.0,11 St & 43 Ave,40.7519071,-73.9479119,23
3621,71.0,27 Ave & 9 St,40.7739825,-73.9309134,19
3622,71.0,E 128 St & Madison Ave,40.80756,-73.939182,15
3623,71.0,W 120 St & Claremont Ave,40.8109494,-73.9634,39
3628,71.0,Lenox Ave & W 117 St,40.8025566,-73.9490782,31
3629,71.0,Adam Clayton Powell Blvd & W 126 St,40.809495347779475,-73.94776493310928,33
3630,71.0,Frederick Douglass Blvd & W 115 St,40.8038654,-73.9559308,33
3631,71.0,Crown St & Bedford Ave,40.666563,-73.956741,27
3632,71.0,E 12 St & Avenue B,40.728048571362606,-73.97881150245667,19
3637,71.0,Fulton St & Waverly Ave,40.683238654603414,-73.96599590778351,31
3638,70.0,Washington St,40.7242941,-74.0354826,18
3639,70.0,Harborside,40.7192517,-74.034234,30
3640,70.0,Journal Square,40.73367,-74.0625,18
3641,71.0,Broadway & W 25 St,40.74286877312112,-73.98918628692627,54
3646,71.0,35 Ave & 10 St,40.76315481910373,-73.93985509872437,26
3647,71.0,48 Ave & 30 Pl,40.74128309355993,-73.93725872039794,23
3648,71.0,Flushing Ave & Vanderbilt Ave,40.697950315695444,-73.97077560424805,25
3649,71.0,W 129 St & Convent Ave,40.814394437915816,-73.95324736833572,30
3653,71.0,31 St & 35 Ave,40.75820464696758,-73.92832159996033,19
3654,71.0,31 St & Northern Blvd,40.75186951421875,-73.93349289894103,35
3656,71.0,E 2 St & Avenue A,40.72307749068673,-73.98583620786667,31
3658,71.0,W 18 St & 9 Ave,40.7435337324616,-74.00367558002472,27
3659,71.0,W 17 St & 9 Ave,40.74294891660091,-74.00413691997528,25
3660,71.0,W 16 St & 8 Ave,40.741021509002664,-74.001384973526,39
3661,71.0,Montgomery St & Franklin Ave,40.666439306870814,-73.9605563879013,19
3662,71.0,31 Ave & Steinway St,40.761293897289086,-73.916916847229,21
3663,71.0,Sterling Pl & 7 Ave,40.67716489469059,-73.973827958107,25
3666,71.0,32 St & 30 Ave,40.766425527028794,-73.92062902450562,35
3668,71.0,Leonard St & Nassau Ave,40.7239567849954,-73.94984364509583,26
3669,71.0,Henry St & W 9 St,40.67630357634183,-74.00314047932625,19
3671,71.0,E 81 St & 2 Ave,40.774779448957275,-73.95427465438843,37
3673,71.0,Dean St & Franklin Ave,40.67759206937376,-73.955637216568,21
3674,71.0,Jay St & York St,40.701403172577244,-73.98672670125961,27
3675,71.0,3 Ave & E 95 St,40.784596798848916,-73.94968539476395,31
3676,71.0,Van Brunt St & Van Dyke St,40.6758329439129,-74.01472628116608,24
3677,70.0,Glenwood Ave,40.72755146730012,-74.07106071710587,18
3678,70.0,Fairmount Ave,40.72572613742557,-74.07195925712585,18
3679,70.0,Bergen Ave,40.722103786686034,-74.07145500183105,14
3680,71.0,E 43 St & 5 Ave,40.754120810779256,-73.98025184869766,55
3681,70.0,Grand St,40.71517767732029,-74.03768330812454,18
3684,71.0,W 12 St & W 4 St,40.73756121181137,-74.00398269295692,43
3686,71.0,Gansevoort St & Hudson St,40.739448201304036,-74.00507032871246,39
3687,71.0,E 33 St & 1 Ave,40.74322681432173,-73.97449783980846,59
3689,71.0,W 104 St & Amsterdam Ave,40.799041392882984,-73.96649479866028,0
3690,71.0,Park Pl & Church St,40.71334184275907,-74.00935515761375,36
3691,71.0,28 Ave & 44 St,40.76408932350688,-73.91065120697021,19
3692,71.0,5 St & Market St,40.699997484388504,-73.97440128028393,15
3693,71.0,N 11 St & Kent Ave,40.72248188638219,-73.95921930670738,27
3694,70.0,Jackson Square,40.71113,-74.0789,18
3697,71.0,W 64 St & Thelonious Monk Circle,40.77515953434235,-73.98918695747852,43
3699,71.0,W 50 St & 9 Ave,40.763604677958625,-73.98917958140373,30
3701,71.0,Cliff St & Fulton St,40.70831794366396,-74.00504082441329,37
3704,71.0,47 Ave & Skillman Ave,40.7437524099784,-73.94176483154297,19
3707,,Lexington Ave & E 26 St,40.741459,-73.983293,55
3708,,W 13 St & 5 Ave,40.735445,-73.99431,29
3709,71.0,W 15 St & 6 Ave,40.738046142482766,-73.99642959237099,51
3711,71.0,E 13 St & Avenue A,40.72966729392978,-73.98067966103554,47
3712,71.0,W 35 St & Dyer Ave,40.754691750226016,-73.99740189313889,41
3714,71.0,Division Av & Hooper St,40.70684203101325,-73.9544353965357,61
3715,71.0,Driggs Ave & N 9 St,40.71816969454208,-73.95520135760307,31
3716,71.0,40 Ave & Crescent St,40.753599202005596,-73.93795609474182,23
